{"cameraMode":{"drawMode":0,"name":"Shaded","section":"Shading Mode"},"sceneLighting":true,"audioPlay":false,"sceneViewState":{"m_AlwaysRefresh":false,"showFog":true,"showSkybox":true,"showFlares":true,"showImageEffects":true,"showParticleSystems":true,"showVisualEffectGraphs":true,"m_FxEnabled":true},"in2DMode":false,"pivot":{"x":528.7752685546875,"y":180.4601593017578,"z":314.4022216796875},"rotation":{"x":-0.0059965141117572788,"y":-0.034492406994104388,"z":-0.00020702066831290722,"w":0.9993825554847717},"size":378.3035583496094,"orthographic":false}