{"cameraMode":{"drawMode":0,"name":"Shaded","section":"Shading Mode"},"sceneLighting":false,"audioPlay":false,"sceneViewState":{"m_AlwaysRefresh":false,"showFog":true,"showSkybox":false,"showFlares":true,"showImageEffects":true,"showParticleSystems":true,"showVisualEffectGraphs":true,"m_FxEnabled":true},"in2DMode":false,"pivot":{"x":-5.682344913482666,"y":-1.509291648864746,"z":5.8387932777404789},"rotation":{"x":-0.0017483666306361557,"y":-0.8925968408584595,"z":0.003484309185296297,"w":-0.4508327841758728},"size":58.275569915771487,"orthographic":true}