{"cameraMode":{"drawMode":0,"name":"Shaded","section":"Shading Mode"},"sceneLighting":false,"audioPlay":false,"sceneViewState":{"m_AlwaysRefresh":false,"showFog":true,"showSkybox":false,"showFlares":true,"showImageEffects":true,"showParticleSystems":true,"showVisualEffectGraphs":true,"m_FxEnabled":true},"in2DMode":false,"pivot":{"x":-378.96270751953127,"y":-24.00170135498047,"z":0.33127737045288088},"rotation":{"x":0.1507716178894043,"y":-0.17837099730968476,"z":0.027678946033120157,"w":0.9719535708427429},"size":1.7660253047943116,"orthographic":false}